,precision,recall,f1-score,support
Class 0,0.9820846905537459,0.9363354037267081,0.958664546899841,644.0
Class 1,0.9669540229885057,0.9641833810888252,0.9655667144906743,698.0
Class 2,0.9148936170212766,0.9856733524355301,0.9489655172413793,698.0
Class 3,0.9903691813804173,0.9565891472868217,0.973186119873817,645.0
accuracy,0.9612662942271881,0.9612662942271881,0.9612662942271881,0.9612662942271881
macro avg,0.9635753779859864,0.9606953211344712,0.961595724626428,2685.0
weighted avg,0.962674232936242,0.9612662942271881,0.9614258894864368,2685.0
