Metric,Value
Accuracy,0.9772811918063314
Precision (Weighted),0.979107077576837
Recall (Weighted),0.9772811918063314
F1-Score (Weighted),0.9772377303377202
Precision (Macro),0.9799077733860342
Recall (Macro),0.9781518624641834
F1-Score (Macro),0.9781100666034307
