,precision,recall,f1-score,support
Class 0,1.0,1.0,1.0,644.0
Class 1,1.0,0.9126074498567335,0.954307116104869,698.0
Class 2,0.919631093544137,1.0,0.9581331503088538,698.0
Class 3,1.0,1.0,1.0,645.0
accuracy,0.9772811918063314,0.9772811918063314,0.9772811918063314,0.9772811918063314
macro avg,0.9799077733860342,0.9781518624641834,0.9781100666034307,2685.0
weighted avg,0.979107077576837,0.9772811918063314,0.9772377303377202,2685.0
